{"dataset-column": null, "use-mean": "mean-difference", "order-stats": "average-statistic", "order-better": "decreasing", "used-statistics": "Accuracy", "order-WinTieLoss": "higher", "include-pvalue": true, "pvalue-test": "wilcoxon", "pvalue-threshold": 0.05, "pvalue-correction": null, "n-datasets": 35, "comparate-names": ["FCN", "ResNet", "Inception", "InceptionTime", "LITE", "LITETime", "ROCKET", "MMM4TSC"], "n-comparates": 8, "FCN-vs-ResNet": {"win": 10, "tie": 0, "loss": 25, "pvalue": 0.0030071966466493905, "is-significant": true, "mean": -0.02147428571428578}, "FCN-vs-Inception": {"win": 7, "tie": 0, "loss": 28, "pvalue": 0.00012828799663111567, "is-significant": true, "mean": -0.05311714285714275}, "FCN-vs-InceptionTime": {"win": 3, "tie": 0, "loss": 32, "pvalue": 5.2619725465774536e-08, "is-significant": true, "mean": -0.06484857142857126}, "FCN-vs-LITE": {"win": 6, "tie": 2, "loss": 27, "pvalue": 9.995591458218215e-05, "is-significant": true, "mean": -0.041805714285714335}, "FCN-vs-LITETime": {"win": 2, "tie": 0, "loss": 33, "pvalue": 1.9208528101444244e-09, "is-significant": true, "mean": -0.06528857142857147}, "FCN-vs-ROCKET": {"win": 9, "tie": 0, "loss": 26, "pvalue": 0.0012532108230516315, "is-significant": true, "mean": -0.045691428571428605}, "FCN-vs-MMM4TSC": {"win": 9, "tie": 0, "loss": 26, "pvalue": 4.985998384654522e-05, "is-significant": true, "mean": -0.06640000000000001}, "ResNet-vs-FCN": {"win": 25, "tie": 0, "loss": 10, "pvalue": 0.0031909775570966303, "is-significant": true, "mean": 0.02147428571428578}, "ResNet-vs-Inception": {"win": 11, "tie": 0, "loss": 24, "pvalue": 0.004029071831610054, "is-significant": true, "mean": -0.03164285714285697}, "ResNet-vs-InceptionTime": {"win": 5, "tie": 1, "loss": 29, "pvalue": 3.160548841469784e-06, "is-significant": true, "mean": -0.043374285714285477}, "ResNet-vs-LITE": {"win": 11, "tie": 0, "loss": 24, "pvalue": 0.062489338393788785, "is-significant": false, "mean": -0.020331428571428556}, "ResNet-vs-LITETime": {"win": 6, "tie": 1, "loss": 28, "pvalue": 1.9819921520375525e-05, "is-significant": true, "mean": -0.043814285714285695}, "ResNet-vs-ROCKET": {"win": 13, "tie": 0, "loss": 22, "pvalue": 0.055665190739091486, "is-significant": false, "mean": -0.024217142857142826}, "ResNet-vs-MMM4TSC": {"win": 14, "tie": 1, "loss": 20, "pvalue": 0.007774713890421272, "is-significant": true, "mean": -0.044925714285714236}, "Inception-vs-FCN": {"win": 28, "tie": 0, "loss": 7, "pvalue": 0.00013924611266702414, "is-significant": true, "mean": 0.05311714285714275}, "Inception-vs-ResNet": {"win": 24, "tie": 0, "loss": 11, "pvalue": 0.004029071831610054, "is-significant": true, "mean": 0.03164285714285697}, "Inception-vs-InceptionTime": {"win": 1, "tie": 1, "loss": 33, "pvalue": 4.68820409855144e-06, "is-significant": true, "mean": -0.011731428571428504}, "Inception-vs-LITE": {"win": 19, "tie": 1, "loss": 15, "pvalue": 0.7556338572107024, "is-significant": false, "mean": 0.011311428571428417}, "Inception-vs-LITETime": {"win": 10, "tie": 0, "loss": 25, "pvalue": 0.009140860347542912, "is-significant": true, "mean": -0.012171428571428722}, "Inception-vs-ROCKET": {"win": 18, "tie": 0, "loss": 17, "pvalue": 0.7647382524446584, "is-significant": false, "mean": 0.007425714285714147}, "Inception-vs-MMM4TSC": {"win": 16, "tie": 0, "loss": 19, "pvalue": 0.20706038223579526, "is-significant": false, "mean": -0.013282857142857263}, "InceptionTime-vs-FCN": {"win": 32, "tie": 0, "loss": 3, "pvalue": 5.2619725465774536e-08, "is-significant": true, "mean": 0.06484857142857126}, "InceptionTime-vs-ResNet": {"win": 29, "tie": 1, "loss": 5, "pvalue": 3.160548841469784e-06, "is-significant": true, "mean": 0.043374285714285477}, "InceptionTime-vs-Inception": {"win": 33, "tie": 1, "loss": 1, "pvalue": 4.68820409855144e-06, "is-significant": true, "mean": 0.011731428571428504}, "InceptionTime-vs-LITE": {"win": 25, "tie": 0, "loss": 10, "pvalue": 0.003384602954611182, "is-significant": true, "mean": 0.02304285714285692}, "InceptionTime-vs-LITETime": {"win": 19, "tie": 3, "loss": 13, "pvalue": 0.8762851144883528, "is-significant": false, "mean": -0.000440000000000218}, "InceptionTime-vs-ROCKET": {"win": 21, "tie": 1, "loss": 13, "pvalue": 0.1713902884178521, "is-significant": false, "mean": 0.01915714285714265}, "InceptionTime-vs-MMM4TSC": {"win": 19, "tie": 0, "loss": 16, "pvalue": 0.6330176034243777, "is-significant": false, "mean": -0.001551428571428759}, "LITE-vs-FCN": {"win": 27, "tie": 2, "loss": 6, "pvalue": 9.995591458218215e-05, "is-significant": true, "mean": 0.041805714285714335}, "LITE-vs-ResNet": {"win": 24, "tie": 0, "loss": 11, "pvalue": 0.06490812310948968, "is-significant": false, "mean": 0.020331428571428556}, "LITE-vs-Inception": {"win": 15, "tie": 1, "loss": 19, "pvalue": 0.7556338572107024, "is-significant": false, "mean": -0.011311428571428417}, "LITE-vs-InceptionTime": {"win": 10, "tie": 0, "loss": 25, "pvalue": 0.003384602954611182, "is-significant": true, "mean": -0.02304285714285692}, "LITE-vs-LITETime": {"win": 1, "tie": 0, "loss": 34, "pvalue": 7.974449545145035e-09, "is-significant": true, "mean": -0.02348285714285714}, "LITE-vs-ROCKET": {"win": 17, "tie": 0, "loss": 18, "pvalue": 0.5222816279274411, "is-significant": false, "mean": -0.00388571428571427}, "LITE-vs-MMM4TSC": {"win": 14, "tie": 0, "loss": 21, "pvalue": 0.03561751253437251, "is-significant": true, "mean": -0.02459428571428568}, "LITETime-vs-FCN": {"win": 33, "tie": 0, "loss": 2, "pvalue": 1.9208528101444244e-09, "is-significant": true, "mean": 0.06528857142857147}, "LITETime-vs-ResNet": {"win": 28, "tie": 1, "loss": 6, "pvalue": 1.9819921520375525e-05, "is-significant": true, "mean": 0.043814285714285695}, "LITETime-vs-Inception": {"win": 25, "tie": 0, "loss": 10, "pvalue": 0.009140860347542912, "is-significant": true, "mean": 0.012171428571428722}, "LITETime-vs-InceptionTime": {"win": 13, "tie": 3, "loss": 19, "pvalue": 0.8762851144883528, "is-significant": false, "mean": 0.000440000000000218}, "LITETime-vs-LITE": {"win": 34, "tie": 0, "loss": 1, "pvalue": 7.974449545145035e-09, "is-significant": true, "mean": 0.02348285714285714}, "LITETime-vs-ROCKET": {"win": 23, "tie": 0, "loss": 12, "pvalue": 0.18425037822453305, "is-significant": false, "mean": 0.01959714285714287}, "LITETime-vs-MMM4TSC": {"win": 19, "tie": 0, "loss": 16, "pvalue": 0.7524168539675884, "is-significant": false, "mean": -0.001111428571428541}, "ROCKET-vs-FCN": {"win": 26, "tie": 0, "loss": 9, "pvalue": 0.0012532108230516315, "is-significant": true, "mean": 0.045691428571428605}, "ROCKET-vs-ResNet": {"win": 22, "tie": 0, "loss": 13, "pvalue": 0.055665190739091486, "is-significant": false, "mean": 0.024217142857142826}, "ROCKET-vs-Inception": {"win": 17, "tie": 0, "loss": 18, "pvalue": 0.7647382524446584, "is-significant": false, "mean": -0.007425714285714147}, "ROCKET-vs-InceptionTime": {"win": 13, "tie": 1, "loss": 21, "pvalue": 0.1713902884178521, "is-significant": false, "mean": -0.01915714285714265}, "ROCKET-vs-LITE": {"win": 18, "tie": 0, "loss": 17, "pvalue": 0.5329034825554118, "is-significant": false, "mean": 0.00388571428571427}, "ROCKET-vs-LITETime": {"win": 12, "tie": 0, "loss": 23, "pvalue": 0.18425037822453305, "is-significant": false, "mean": -0.01959714285714287}, "ROCKET-vs-MMM4TSC": {"win": 15, "tie": 0, "loss": 20, "pvalue": 0.2317970542353578, "is-significant": false, "mean": -0.02070857142857141}, "MMM4TSC-vs-FCN": {"win": 26, "tie": 0, "loss": 9, "pvalue": 4.985998384654522e-05, "is-significant": true, "mean": 0.06640000000000001}, "MMM4TSC-vs-ResNet": {"win": 20, "tie": 1, "loss": 14, "pvalue": 0.007774713890421272, "is-significant": true, "mean": 0.044925714285714236}, "MMM4TSC-vs-Inception": {"win": 19, "tie": 0, "loss": 16, "pvalue": 0.20706038223579526, "is-significant": false, "mean": 0.013282857142857263}, "MMM4TSC-vs-InceptionTime": {"win": 16, "tie": 0, "loss": 19, "pvalue": 0.6330176034243777, "is-significant": false,